"heading","daysLeft","verified","price","numBids","description","skills"
"WordPress Developer Required for https://landmark.org.sg/","6 days left","VERIFIED","$15 (Avg Bid)","9 bids","...AGENCIES AND NO PROJECT MANAGERS. THE PERSON WHO BIDS MUST DO THE WORK. NO ONE ELSE! Need a Wordpress Developer for [login to view URL] I have bought this theme: [login to view URL]","[""CSS"",""HTML"",""PHP"",""Website Design"",""WordPress""]"
"Scrap HTML website to Wordpress","6 days left","VERIFIED","$135 (Avg Bid)","5 bids","Scrap HTML website to Wordpress 8000+ pages with assigning categories and fixing internal linking.","[""HTML"",""PHP"",""Web Scraping"",""Website Design"",""WordPress""]"
"wordpress development -- 2","6 days left","NOT VERIFIED.","$303 (Avg Bid)","14 bids","hi, i need website developer for wordpress","[""Graphic Design"",""HTML"",""PHP"",""Website Design"",""WordPress""]"
"Woocommereece website Optimization as per Gmatrx","6 days left","VERIFIED","$21 (Avg Bid)","3 bids","Need to optimize my woo commerce WordPress store fully optimized as per GTmatrix. Pagespeed score should be 99% permanently Yslow speed must be a minimum of 92% permanent. Payment will be released after work 5 days of work. Just for checking the permanent results. Limited budget and you need to complete work on TeamViewer or zoom. No administrator","[""HTML"",""PHP"",""Website Optimization"",""WooCommerce"",""WordPress""]"
"Need a Wordpress cum PHP developer","6 days left","VERIFIED","$134 (Avg Bid)","12 bids","Nee a PHP cum wordpress developer in a part-time basis. It will be completely working from home-based job. Daily 4 hours will be required for the job. Sunday is off day.","[""Django"",""JavaScript"",""PHP"",""Python"",""Software Architecture""]"
"Build me a WordPress Website","6 days left","NOT VERIFIED.","$144 (Avg Bid)","44 bids","I need a freelancer to help me build WordPress Websites, I have to many websites to build and I can't finish all in time so I'm looking for a trusted freelancer that will be paid per job. Please provide links to previous work you have done for me to have a look at. Currently I have 6 websites lined up (3 x 3 pagers) (2 x 15 pagers) (1 x complex/advanced","[""CSS"",""HTML"",""PHP"",""Website Design"",""WordPress""]"
"Looking for Web Developer","6 days left","VERIFIED","$21 (Avg Bid)","7 bids","...we also need the on-page SEO and the site has to be mobile friendly as well. Developers can develop the front end in any language but we need the backend platform to be in WordPress. Before awarding the work we will give a task and if you succeed then we can proceed further with the whole website development. Interested freelancer can bid, time-passer","[""HTML"",""JavaScript"",""Python"",""Web Scraping"",""WordPress""]"
"adult site for multiple choices","6 days left","VERIFIED","$390 (Avg Bid)","46 bids","Hi. I'm looking for a pretty simple wordpress site. The concept is very basic. Users answer a serious of questions and then based on their answers, it will recommend a site for the user to join at the end. The site should also have a blog attached, I'm happy to purchase a theme from ThemeForest or even make the design my self.","[""Graphic Design"",""HTML"",""PHP"",""Website Design"",""WordPress""]"
"Verotel payment integration to oxwall platform","6 days left","VERIFIED","$100 - $200","3 bids","...change it to Verotel Credit Card payment. You must have experience in Oxwall platfrom and plugin integration. All the features and functionalities are added with Plugins like WordPress. The following is the verotel flexpay example on github. [login to view URL] You can reference it. It tells the work flow of integrating verotel","[""MVC"",""MySQL"",""Payment Gateway Integration"",""PHP"",""Plugin""]"
"Build a WordPress website","6 days left","VERIFIED","$132 (Avg Bid)","34 bids","Need a single page WordPress website with good design. It will be an interactive website, which will help users to search a data based on different criteria.","[""Graphic Design"",""HTML"",""PHP"",""Website Design"",""WordPress""]"
"Wordpress Developer","6 days left","NOT VERIFIED.","$966 (Avg Bid)","99 bids","Need a basic website probably 4 or 5 pages with blog, no e commerce but seo will be important. Website must be mobile friendly and scale to different screen sizes. Probably need help with logo and branding","[""Graphic Design"",""HTML"",""PHP"",""Website Design"",""WordPress""]"
"workpress marketplace maintain and marketing plan (for long time cooperation)","6 days left","NOT VERIFIED.","$103 (Avg Bid)","6 bids","hello, my requirements is that i have two wordpress sites online now(i am programer too and build myself), and may have more in the future of prove of concept, and i want to keep them as long as possible and need to do marketing fulltime myself, so i need a person who can take in charge of the optimization/secure/functional requirements(such a login)/best","[""eCommerce"",""Internet Marketing"",""PHP"",""Resellers"",""WordPress""]"
"Error sending email from Wordpress","6 days left","VERIFIED","$26 (Avg Bid)","53 bids","Hello, I have a Wordpress website but the email form gives an error, should be something with smtp or emails settings in Wordpress, can someone check please?","[""CSS"",""HTML"",""PHP"",""Website Design"",""WordPress""]"
"webdesign in wordpress","6 days left","NOT VERIFIED.","$3 / hr (Avg Bid)","24 bids","i need a one page website word press","[""Graphic Design"",""HTML"",""PHP"",""Website Design"",""WordPress""]"
"Custom Complex Wordpress Plugin -- Only Wordpress Plugin Custom Expert","6 days left","VERIFIED","$49 (Avg Bid)","15 bids","Hello. I am looking for php exert to customize my plugin If you are not expert, don't bid on my project and don't waste my time You should be good at javascript + PHP + Wordpress plugin customization. I need this urgently. Thanks.","[""JavaScript"",""PHP"",""Plugin"",""WordPress""]"
"I need a wordpress web developer","6 days left","NOT VERIFIED.","$121 (Avg Bid)","17 bids","I need some changes to an existing website. I need you to design my blog. [login to view URL] check my website I need WordPress expert who can change my websites layout and give a beautiful design","[""Blog Install"",""Website Design"",""WordPress""]"
"Amadeus Backend Url Integration on Wordpress Website","6 days left","NOT VERIFIED.","$22 (Avg Bid)","5 bids","I need a very good developer who can integrate amadeus backend url into my website. I want the flight and hotel search form placed on my website homepage connecting to the amadeus backend. check [login to view URL] as a sample of what I want for my site","[""HTML"",""JavaScript"",""PHP"",""Website Design"",""WordPress""]"
"Wordpress : Badge fort post-title on homepage and categories blocks : Newspaper theme (Tag Div)","6 days left","NOT VERIFIED.","$151 (Avg Bid)","27 bids","I'm looking for some one able to solve a css problem (?) on a wordpress theme ""newspaper (tagdiv) ». I want add a « badge »(html) before my post title with restrictions content. I manage to make appear an image or a text in the post title on my single but not on the homepage and on the categories. (add shortcode in [login to view URL]) The o...","[""CSS"",""HTML"",""JavaScript"",""PHP"",""WordPress""]"
"HIRE A WORDPRESS WEBSITE DEVELOPER","6 days left","NOT VERIFIED.","$282 (Avg Bid)","21 bids","Hi HOW ARE YOU I NEED A WORDPRESS WEBEITE AND THIS WEBSITE LOOKS ATTRACTIVE","[""Graphic Design"",""HTML"",""PHP"",""Website Design"",""WordPress""]"
"I NEED A CUSTOM PLUGIN for WordPress","6 days left","NOT VERIFIED.","$23 (Avg Bid)","3 bids","I need someone build a custom plugin for my wordpress website","[""Blog Install"",""Graphic Design"",""PHP"",""Website Design""]"
"Connect Wordpress to Zapier","6 days left","VERIFIED","$38 (Avg Bid)","11 bids","I would like to get Zapier connected to Wordpress thru webhook. I need to move user meta information to a google sheet document. Step 1. User registers. Step 2. User get filtered so its an regular afflliate. Step 3. User information get migrated to a Google Sheet document. (its a custom built userfield).","[""PHP"",""WordPress""]"
"my websites' custom reviews module: build as wp plugin, widget and as a simple to install cross-platform Javascript","6 days left","NOT VERIFIED.","$529 (Avg Bid)","4 bids","...this custom WP plugin and cross-platform Javascript? In theory it'd have to install it in a specific website's page I decide to use to capture custom reviews (it can be a Wordpress page, or a php page , or asp, html or any other platform), also I must be able to select if my review module can appears on all website's pages (as example in the footer)","[""CSS"",""HTML"",""JavaScript"",""PHP"",""WordPress""]"
"Build me a WordPress Website","6 days left","NOT VERIFIED.","$202 (Avg Bid)","78 bids","I am in need of a WordPress website. It is to be based on an existing website that my client wants to freshen up. Your task is to take the existing website and make it more modern, attractive, and current with the times. This should be an easy task, but if done well, there is an opportunity for a lot of follow up work.","[""Graphic Design"",""HTML"",""PHP"",""Website Design"",""WordPress""]"
"ـ - WordPress WooCommerce template design - ـ","6 days left","NOT VERIFIED.","$61 (Avg Bid)","16 bids","I want a WordPress site (WooCommerce - file store). I want the theme of the same site to be designed: [login to view URL] ---------------- The theme must have an Admin Panel (such as changing the logo and theme colors, etc.).","[""HTML"",""PHP"",""Website Design"",""WooCommerce"",""WordPress""]"
"website Design","6 days left","NOT VERIFIED.","$482 (Avg Bid)","71 bids","Hi Guys ! I need a website or a wholesaler company with the ability to order online. two l...need a website or a wholesaler company with the ability to order online. two languages needed for that and it has more than 100 products. the website should be designed by WordPress. if you can imply this project please text me. sample site: [login to view URL]","[""Graphic Design"",""HTML"",""PHP"",""Website Design"",""WordPress""]"
"Wordpress template adjustments","6 days left","NOT VERIFIED.","$38 (Avg Bid)","32 bids","We need someone who can help with custom CSS and changes on the responsive part of the template.","[""CSS"",""HTML"",""PHP"",""Website Design"",""WordPress""]"
"Multilingual Woocommerce Wordpress set-up -- 2","6 days left","VERIFIED","$23 (Avg Bid)","11 bids","will be an Olive Oil Company and I need to set up the shop in several languages, and the whole buying process to work smoothly. I also need some help for the responsiveness of the website on tablets and mobiles.","[""CSS"",""HTML"",""PHP"",""WooCommerce"",""WordPress""]"
"Payment Gateway Integration with a WordPress based Website.","6 days left","VERIFIED","$6 / hr (Avg Bid)","19 bids","Hi, I am looking for a PHP Developer to integrate Central Bank of Oman payment gateway on a WordPress website. The project is quite small but I am looking for someone with whom I can establish a long standing relationship. We are based in New Delhi and prefer a developer in India. Help file attached for your reference.","[""Payment Gateway Integration"",""PHP"",""WordPress""]"
"wordpress developer","6 days left","NOT VERIFIED.","$4 / hr (Avg Bid)","17 bids","I am looking for wordpress developer","[""CSS"",""HTML"",""PHP"",""Website Design"",""WordPress""]"
"Photo alteration","6 days left","VERIFIED","$16 (Avg Bid)","34 bids","I have some photos that don't stretch to fit a full screen banner. I ...Looking for immediately start - edit images (some landscape, some portrait) to have bigger background to fit webpage sliding banner - install banner photo into webpage using Wordpress authorisation on my website - 5 photos Example attached $15 maximum as its simple job Thankyou","[""Graphic Design"",""HTML"",""Photoshop"",""Website Design"",""WordPress""]"
"Wordpress website","6 days left","NOT VERIFIED.","$251 (Avg Bid)","43 bids","i how are you i need a wordpress webiste and this website contain all type of pictures","[""Graphic Design"",""HTML"",""PHP"",""Website Design"",""WordPress""]"
"XML Integration Issue Wordpress Real Estate Website - Senior Developer","6 days left","VERIFIED","$30 (Avg Bid)","6 bids","We have a real estate website that the listings use an xml file to populate the data onto the website currently it is not working we need it fixed.","[""HTML"",""PHP"",""Website Design"",""WordPress"",""XML""]"
"modification of wordpress template","6 days left","NOT VERIFIED.","$16 (Avg Bid)","10 bids","I need to add language flag when hovering over the movie poster and I also want that when importing the data from imdb the covers are imported in high quality the template is dooplay installed in worpress The flags must be centered on the hover and would be 3 types: Latin, Spanish and English In the image draw some blue squares where they should be positioned","[""CSS"",""HTML"",""PHP"",""Website Design"",""WordPress""]"
"Get my Wordpress website running locally","6 days left","VERIFIED","$27 (Avg Bid)","19 bids","Hi there. I have a Wordpress website, working fine. [login to view URL] I have a Ubuntu PC. I want to get the Website running locally there, so I can *debug* with Visual Studio Code. freelancer will get it working via TeamViewer.","[""HTML"",""Linux"",""PHP"",""Website Design"",""WordPress""]"
"Wordpress News Website","6 days left","NOT VERIFIED.","$1516 (Avg Bid)","95 bids","We have a project to build out a Wordpress website that is news focussed. The main components that need some customisation are buddy press, woo commerce, slider revolution 6 and general design tweaks. This project is funded and will be awarded within 48 hours. We expect the works to be completed within 10 days. Project awardee will be paid in milestones:","[""BuddyPress"",""HTML"",""Website Design"",""WooCommerce"",""WordPress""]"
"Corporate blogging","6 days left","NOT VERIFIED.","$113 (Avg Bid)","23 bids","Hosting company topic. Duties - Monitor news from the hosting world. - Add 2-3 articles per week to the corporate blog of the company. - Design and post an article in the WordPress blog - Repost articles on the official pages of facebook, twitter, linkedin. Creativity is encouraged! Language: Russian, English!","[""Article Writing"",""Blog"",""PHP"",""Website Design"",""WordPress""]"
"Developer with references","6 days left","VERIFIED","$37 (Avg Bid)","7 bids","I'm looking for a developer who already has business pages (Html no WordPress) for the marketing industry and can also show his references. I'm choosing for one of these reference pages and let change pictures and texts and imprint etc. At the end i need this as Html too and Host this on my own server to use my own domain. Here just a sample website:","[""HTML""]"
"Looking for someone to update the current website","6 days left","VERIFIED","$84 (Avg Bid)","23 bids","...already have a website and backend in PHP. I am looking for someone to make it more responsive and work on page SEO. the current website is in PHP, I want you to convert it to WordPress. it is a portfolio website. please check the attached document for the list of updates. ""if you have gone through with the details, please mention ""portfolio"" in the bid","[""HTML"",""PHP"",""SEO"",""Website Design"",""WordPress""]"
"Build me a website","6 days left","NOT VERIFIED.","$138 (Avg Bid)","32 bids","[login to view URL] HERE THIS IS MY DEMO WEBSITE I WANT TO MAKE A SUCH WEBSITE IN WORDPRESS PLZ CONTACT ME NOT A BIG TASK.","[""Graphic Design"",""HTML"",""PHP"",""Website Design"",""WordPress""]"
"WordPress page","6 days left","VERIFIED","$142 (Avg Bid)","87 bids","To create a simple template. WP already running on our server. Project objective: - design WP layout to match current website design / format - the landing page is really product listing (but NOT a shopping cart/shop/ecommerce). Each product contains one image and description; clicking on it opens WP page with more photos - the main page shows all products (not more than 40) Communication via zo...","[""CSS"",""HTML"",""PHP"",""Website Design"",""WordPress""]"
"Web design with template for wordpress","6 days left","NOT VERIFIED.","$19 / hr (Avg Bid)","74 bids","Web design for a brand that offers solutions and products through distributors of different brands in the industrial category. The purpose of the site is...The purpose of the site is to show the associated brands, products and distributors in the different countries that offer it. The design must be done with a template for already selected.","[""Graphic Design"",""Website Design"",""WordPress""]"
"E-Commerce Website (Wordpress + Woocommerce + Amazon S3)","6 days left","VERIFIED","$599 (Avg Bid)","80 bids","we're planning to build a website that will have the following purposes: - Section for tech documentations that will have the ability to leave comments, insert formatted codes, adding likes, upvotes, .. - Section for e-commerce build on Woocommerce, that will contain installation packages, and tech docs for selling purposes, each one of this docs and packages will be priced individually and ...","[""eCommerce"",""JavaScript"",""PHP"",""Website Design"",""WordPress""]"
"Wordpress Developer","6 days left","VERIFIED","$320 (Avg Bid)","51 bids","Looking for Wordpress /PHP Developer with 1-3 Years of experience.","[""PHP"",""WordPress""]"
"shopify expert","6 days left","NOT VERIFIED.","$360 (Avg Bid)","67 bids","Build me a shopify and wordpress for the site with full functionalities","[""HTML"",""PHP"",""Shopify"",""Website Design"",""WordPress""]"
"CSS on top banner","6 days left","NOT VERIFIED.","$5 / hr (Avg Bid)","14 bids","...here on google drive: [login to view URL] Also see attached image note the site is build in WordPress theme enfold We also need a description on how i change the hover color after your task has been completed as we still playing around with a color theme. I will give this","[""CSS"",""HTML"",""PHP"",""Website Design"",""WordPress""]"
"Build a Wordpress site","6 days left","VERIFIED","$30 - $250","145 bids","Health Blog Make an attractive minimalist website Astra is the theme Elementor is the builder plugin Help choose one of the starter templates Design graphics Customize the menu choices","[""CSS"",""Graphic Design"",""Website Design"",""WordPress""]"
"Create graphics galleries in CSS based on two graphics galleries in WordPress","6 days left","VERIFIED","$136 (Avg Bid)","36 bids","...these two pages on my WordPress site, there are galleries of graphics: [login to view URL] [login to view URL] This project is to re-create these two galleries of graphics as CSS gallery tables, and provide the CSS code to me. I will give you a log-in to the WordPress blog so that you can access","[""CSS"",""WordPress""]"
"Speed up + clean up wordpress website and error","6 days left","NOT VERIFIED.","$138 (Avg Bid)","51 bids","Make website very fast, clean up and fix error","[""CSS"",""HTML"",""PHP"",""Website Design"",""WordPress""]"
"Multilingual Woocommerce Wordpress set-up for website","6 days left","VERIFIED","$93 (Avg Bid)","6 bids","will be an Olive Oil Company and I need to set up the shop in several languages, and the whole buying process to work smoothly. I also need some help for the responsiveness of the website on tablets and mobiles.","[""CSS"",""HTML"",""PHP"",""WooCommerce"",""WordPress""]"
"Multilingual Woocommerce Wordpress set-up","6 days left","VERIFIED","$25 (Avg Bid)","11 bids","will be an Olive Oil Company and I need to set up the shop in several languages, and the whole buying process to work smoothly. I also need some help for the responsiveness of the website on tablets and mobiles.","[""CSS"",""HTML"",""PHP"",""WooCommerce"",""WordPress""]"
"Angular 10, Firestore, Fire-Functions programmer needed to finish data management project.","6 days left","VERIFIED","$5 / hr (Avg Bid)","11 bids","...other areas of the Pokemon card game, like merchandise. Phase 1 includes: - Finishing up our main Angular application - Integrating the app with our website for use in Wordpress, Xenforo, and Mediawiki. - Finishing a shortcode parser that uses vanilla Javascript to render data from Firebase into various HTML templates We are looking for an Angular","[""AngularJS"",""HTML5"",""JavaScript"",""Node.js"",""PHP""]"
"Convert website to wordpress","6 days left","NOT VERIFIED.","$1795 (Avg Bid)","42 bids","Searching for an expert and experienced who can convert blogger site [login to view URL] to wordpress within 10 days . I want to move to wordpress without loosing any data and information .","[""Blog Install"",""Graphic Design"",""PHP"",""Website Design""]"
"Modify and maintain PHP WordPress Theme","6 days left","VERIFIED","$553 (Avg Bid)","68 bids","Looking for potentially a long term project partner to develop and grow our site. Modify existing WordPress Theme : We have an existing crowdfunding theme that works with a third party crowdfunding plugin and WooCommerce. Need to modify theme so works without the crowdfunding plugin to meet our requirements. Need to make theme independent of original","[""CSS"",""HTML"",""PHP"",""Website Design"",""WordPress""]"
"build me a website on wordpress elegant themes, Extra","6 days left","NOT VERIFIED.","$450 (Avg Bid)","50 bids","upgrade my destination community website ,it's an online publication and needs ad space, a video header, classified, shop online, services, business listings and more...and needs ad space, a video header, classified, shop online, services, business listings and more. go to [login to view URL] to see current website that needs to be on now!","[""Graphic Design"",""HTML"",""PHP"",""Website Design"",""WordPress""]"
"Website for charity (Wordpress?)","6 days left","NOT VERIFIED.","$918 (Avg Bid)","94 bids","We have a small charity which needs a website. Could be 3-4 pages with ability to add shopping cart later. For now just need Home page, page showing vision, and page with staff pictures and bio. Needs to link to paypal and other sites which donations will pass through.","[""Graphic Design"",""HTML"",""PHP"",""Website Design"",""WordPress""]"
"Add Wordpress Membership to my existing site using Avada.","6 days left","VERIFIED","$133 (Avg Bid)","25 bids","Budget Max $30 - Need to add Wordpress membership to my existing site using Avada. Website: [login to view URL] Pmnt gateway: ipay88 Malaysia. (Or can be Woocommerce) Kindly see the attached PPT flow chart.","[""CSS"",""HTML"",""PHP"",""Website Design"",""WordPress""]"
"Looking wordpress custom developer","6 days left","VERIFIED","$154 (Avg Bid)","66 bids","Need comparison function to be built on urgent basis on wordpress website, further details will be shared","[""CSS"",""HTML"",""PHP"",""Website Design"",""WordPress""]"
"Data entry job for wordpress site","6 days left","VERIFIED","$13 (Avg Bid)","61 bids","This is a simple project 1. Search specific products from Amazon, Flipkart & Snapdeal 2. Update Product & Price information Please update your bid for 100 posts. Thanks,","[""Data Entry"",""Web Scraping"",""Web Search"",""WordPress""]"
"Wordpress developer for Regular Small jobs","6 days left","VERIFIED","$4 / hr (Avg Bid)","16 bids","Hi , we are looking for wordpress freelancer with exp 3-5 year to work on multiple small projects. task will majorly do css changes, small development changes n customize little bit plugins.","[""CSS"",""HTML"",""PHP"",""Website Design"",""WordPress""]"
"Build custom website","6 days left","VERIFIED","$166 (Avg Bid)","74 bids","I run a solar retailer business and I have had a website designed and I now need it made in either custom Wordpress or HTML. Please see attached document which is the design of the website.","[""Graphic Design"",""HTML"",""PHP"",""Website Design"",""WordPress""]"
"WordPress or Blogger Website","6 days left","NOT VERIFIED.","$306 (Avg Bid)","11 bids","Hi I want to WordPress or Blogger website same to same as [login to view URL] please contact me","[""CSS"",""HTML"",""PHP"",""Website Design"",""WordPress""]"
"Convert html5 theme to wordpress","6 days left","VERIFIED","$51 (Avg Bid)","26 bids","I am looking for someone to convert my HTML5 site to wordpress. [login to view URL]","[""Graphic Design"",""HTML"",""HTML5"",""Website Design"",""WordPress""]"
"Gwanji Dating Theme Installation","6 days left","VERIFIED","$123 (Avg Bid)","29 bids","I purchased this Gwanji WordPress theme ([login to view URL]) but I am having trouble installing the dating demo ([login to view URL]). Theme documentation: [login to view URL] I need the dating site installed","[""HTML"",""PHP"",""Website Design"",""WordPress""]"
"Wordpress / WooCommerce WCFM website optimization","6 days left","VERIFIED","$494 (Avg Bid)","61 bids","Hello, I have a WordPress / WooCommerce + WCFM website and I have got lots of plugins in it. I need a developer optimize my backend and frontend. The developer must be very senior. I will give detailed information to the candidates. Thanks.","[""CSS"",""HTML"",""PHP"",""WooCommerce"",""WordPress""]"
"Build a Website","6 days left","VERIFIED","$39 / hr (Avg Bid)","106 bids","We are a small IT company that has offered help to a few companies, one of our clients wants to completely redo their existing website and we need a WordPress expert/designer to help guide through the process. We believe in doing it right and doing it once. Someone living local - Like Auckland New Zealand would be ideal. They will need to sign","[""Graphic Design"",""HTML"",""PHP"",""Website Design"",""WordPress""]"
"IMAGES. WORDPRESS WEBSITE","6 days left","NOT VERIFIED.","$284 (Avg Bid)","14 bids","Hi I NEED A DEVELOPER WHICH DEVELOP A WEBSITE FOR ME THIS WEBSITE CONTAIN IMAGES AND PICTURE","[""Graphic Design"",""HTML"",""PHP"",""Website Design"",""WordPress""]"
"modification on Newspaper theme","6 days left","NOT VERIFIED.","$70 (Avg Bid)","4 bids","i want miner change in wordpress website using Newspaper theme (tag div composer) i want image in right side and in its left author name and title. only bid who do this in $10","[""CSS"",""HTML"",""PHP"",""Website Design"",""WordPress""]"
"Flutter Developer Needed , To Customize and Add Features To ""Fluxstore Multi vendor Template""","6 days left","VERIFIED","$157 (Avg Bid)","10 bids","I Have A flutter Template called ""Fluxstore Multi-vendor Template"" It E-Commerce App Based On WordPress and connected with it by API's, My Application Idea : - I Have Woocomerce App, It is a Multivendor website, and it serves restaurants owner to Select a Product that he needs and will ""Request A Quote"" vendor by clicking on the ""Request QUOTE "" button","[""eCommerce"",""Flutter"",""PHP"",""RESTful API"",""WordPress""]"
"Content writing","6 days left","NOT VERIFIED.","$22 (Avg Bid)","9 bids","I need you to write some articles. Experience with wordpress and elementor Pro is preferred. If you think you can make it, let's discuss this further.","[""Article Writing""]"
"Wordpress website 6 pages","13 days left","NOT VERIFIED.","$50","3 entries","I need a Wordpress website following the Bold Photography theme to represent 12 pieces of Artwork for a new business. Artwork photos need to be amended such as remove background, add logo and readjust colour. Logo for the company needs Completing. I have the emblem but just need a decent font to complete the company name and slogan. On the website","[""Graphic Design"",""HTML"",""Logo Design"",""Website Design"",""WordPress""]"
"WordPress theme customization","6 days left","VERIFIED","$177 (Avg Bid)","62 bids","Looking for a full-stack developer to customize a WordPress theme","[""CSS"",""HTML"",""PHP"",""Website Design"",""WordPress""]"
"Website inventory management","6 days left","VERIFIED","$13 / hr (Avg Bid)","27 bids","I need someone who can successfully import inventory to my wordpress website using CDV files.","[""HTML"",""Import/Export"",""Inventory Management"",""PHP"",""WordPress""]"
"Wordpress / BeaverBuilder - Styling-Frontend Fixes","6 days left","NOT VERIFIED.","$11 / hr (Avg Bid)","26 bids","A custom service vendor website has been built on WordPress utilizing Beaver Builder. There are multiple open frontend tasks open that need resolution. - Frontend styling fixes - Bug Fixes","[""CSS"",""HTML"",""PHP"",""WordPress""]"
"Build me a website Like google reviews","6 days left","NOT VERIFIED.","$963 (Avg Bid)","9 bids","Good day! We are hiring a WordPress Expert Job title WordPress Expert Needed for a full-time job 2. Salary and location Full time. 600-800$ There is a possibility to add extra hours, 5$ an hour Work remotely from Home. 3. Requirements • Processional CV/Resume • website URL. /Behance or Dribble account • Excellent English Communication skills • Stable","[""Database Development"",""PHP"",""Website Design""]"
"Wordpress plugin autoload library not working on production server","6 days left","VERIFIED","$94 (Avg Bid)","2 bids","You should have PHP and WordPress plugin development experience with composer knowledge. - ON local XAMPP code is working. - Another Linux. staging server code is working - Only Linux Debian not working. You should fixed bug on team viewer or Anydek because I can not provide production server access. We can not install anything on the server so","[""HTML"",""Linux"",""MySQL"",""PHP"",""WordPress""]"
"Update / rebuild wordpress site","6 days left","VERIFIED","$431 (Avg Bid)","118 bids","Website has bugs in it. Want to update/redesign it making it a little more simple but visually appealing. Site is built on wordpress using a themeforest template. Must maintain linking and page structure, responsive / mobile friendly, site has a lot of traffic.","[""CSS"",""HTML"",""PHP"",""Website Design"",""WordPress""]"
"Are you professional Wordpress developer?","6 days left","VERIFIED","$234 (Avg Bid)","32 bids","We are looking for professional Wordpress developer to implement 15 features as soon as possible. For details see attached file. After this milestone will be secund one with more enterprise features. For development we have our virtual server. A SSH and WP admin creadentials details will be provided after confirmation of the project. We are waiting","[""CSS"",""HTML"",""MySQL"",""PHP"",""WordPress""]"
"wordpress blog website","6 days left","NOT VERIFIED.","$32 (Avg Bid)","13 bids","Hello, I need an wordpress blog website. Budget is 10$","[""Website Design"",""WordPress""]"
"Build wordpress plugin","6 days left","NOT VERIFIED.","$77 (Avg Bid)","5 bids","I need a developer to create WordPress Plugin to import products from a website to my website Deadline : 7days Build a plugin that will do the following: 1- import Each store on the website to our Dokan multi-vendor stores with importing products of each store inside it from a website to our website by category with the price, variations and options","[""CSS"",""HTML"",""JavaScript"",""PHP"",""WordPress""]"
"I want to make a Live Streaming website","6 days left","NOT VERIFIED.","$2061 (Avg Bid)","36 bids","I have a website [login to view URL] , The site was custom designed and now my developer will not do any changes, I need the site built on wordpress and then added to the domain. With some extras added","[""Graphic Design"",""HTML"",""PHP"",""Website Design"",""WordPress""]"
"Wordpress - Issue uploading plugin","6 days left","VERIFIED","$106 (Avg Bid)","75 bids","When I try to upload a plugin on WP, I get this message ""The link you followed has expired. Please try again."" can you solve it?","[""HTML"",""MySQL"",""PHP"",""Software Architecture"",""WordPress""]"
"Automate the creation of dummy virtual server on VPS and their deletion","6 days left","VERIFIED","$80 (Avg Bid)","3 bids","I want a service for myself similar to [login to view URL] So what this will do is 1. Create a dummy virtual server on VPS 2. Install WordPress from a template (copy-pasting files and database) 3. Delete the virtual server after some specific time. NOTE: Don't submit copy-pasted cover letters and please skip the Hi-Hello part.","[""DevOps"",""Linux"",""MySQL"",""PHP""]"
"Fix Wordpress bugs + add FB posts to blog","6 days left","NOT VERIFIED.","$24 (Avg Bid)","21 bids","I have two WP sites that have the same database, design but there are bugs when I try to work on the new/copied site. I think the person that copied the first site made some mistakes as there are frequent error messages that come up when I try to work on the new site, and there are actions I can't do. I also want to connect my FB page posts to the web blog.","[""CSS"",""HTML"",""PHP"",""Website Design"",""WordPress""]"
"PHP API INTEGRATION, ecommerce website","6 days left","VERIFIED","$553 (Avg Bid)","52 bids","...They have given all info/documents etc payment gateways will be PayPal payzone or stripe. We want to build our own website but use their data. It will be a shopping cart Wordpress Magento . Payment in equal milestones. 25% working demo. 25% when you have done changes required. 50% when project is complete and live. If you do not agree our terms, please","[""API"",""MySQL"",""PHP"",""Website Design""]"
"Expeience in Wordpress","6 days left","VERIFIED","$19 (Avg Bid)","23 bids","i wanna aid to change the date of mz medical article to be published before 2018","[""CSS"",""HTML"",""PHP"",""Website Design"",""WordPress""]"
"Help me with CSS in Wordpress theme, adjust sidebars","6 days left","VERIFIED","$36 (Avg Bid)","18 bids","Hello! I am using premium theme Lyngva + Elementor Pro + Directory Pro plugin and CSSHero in wordpress. I am struggling in designing the detailed view of the listing. What is the task? I need simple with responsive view looking, like the ones below ( they are picked from another template ). The design im looking for is for white content boxes where","[""CSS"",""HTML"",""PHP"",""Website Design"",""WordPress""]"
"Website Development Project Manager (Wordpress, Shopify, Clickfunnels) - USA BUSINESS HOURS","6 days left","VERIFIED","$8 / hr (Avg Bid)","8 bids","I am looking for an experienced website development project manager who is specifically fluent with Wordpress/PHP, Clickfunnels, Shopify builds. Preference given to PMP or Scrum project certified professionals. USA Business hours only - please do not apply if you cannot be online during these times, Monday - Friday. Full job details can be found in","[""HTML"",""PHP"",""Shopify"",""Website Design"",""WordPress""]"
"Wordpress Landing Page","6 days left","VERIFIED","$38 (Avg Bid)","30 bids","Need a Effective Wordpress Landing page, with slider, benefit, contact form and call to action. Landing page must be very creative and must be inspired to existent site. Before to procced need to show me a draft image or photoshop Landing page must be responsive.","[""CSS"",""HTML"",""PHP"",""Website Design"",""WordPress""]"
"WordPress integration with Moodle","6 days left","NOT VERIFIED.","$182 (Avg Bid)","17 bids","1. Develop a storefront in existing company website (WordPress) to integrate with the company existing LMS (Moodle)","[""HTML"",""Moodle"",""PHP"",""Website Design"",""WordPress""]"
"Wordpress Website Editor","6 days left","NOT VERIFIED.","$120 (Avg Bid)","49 bids","Looking for a Wordpress Guru who can edit website templates and integrate new features.","[""CSS"",""HTML"",""PHP"",""Website Design"",""WordPress""]"
"E Commerce Website Build","6 days left","NOT VERIFIED.","$185 (Avg Bid)","63 bids","I'm looking for a PHP developer for making my E Commerce website in wordpress. I have the wordpress theme. Need to do customizations. PHP Experience is required. More details will be provided to the selected person.","[""eCommerce"",""HTML"",""PHP"",""Website Design"",""WordPress""]"
"Need a Part -Time Wordpress Developer for Projects Company Profile don't bid i will report directly","6 days left","VERIFIED","$20 - $169","17 bids","Need a Part -Time Wordpress Developer for Projects Project Basis Money to be paid Company Profile don't bid i will report directly","[""CSS"",""HTML"",""PHP"",""Website Design"",""WordPress""]"
"Wordpress Avada theme video slider help","6 days left","NOT VERIFIED.","$202 (Avg Bid)","32 bids","...site on Wordpress using an Avada theme. Have a video stream from Vimeo but can’t get it to feature with correct ratio on desktop and mobile. Need help with design of a page. currently using flip box element but not getting good results. Site is similar to [login to view URL] with video and our brands page. Can I get the same results with my site.","[""CSS"",""HTML"",""PHP"",""Website Design"",""WordPress""]"
"Improve website navigations appearance and mobile rendering","9 hours left","NOT VERIFIED.","$250","24 entries","Need help on a dev website that has the basic navigation structure in place, but the current version of the navigation does not look w...the implementation of the design as one project. If an actual designed layout of the navigation is not presented, the submission will not be considered. Using Ubermenu on . Site is [login to view URL]","[""Graphic Design"",""HTML"",""PHP"",""Website Design"",""WordPress""]"
"wordpress developer","6 days left","VERIFIED","$168 (Avg Bid)","118 bids","need help to bring a site back to life and understand how to use wordpress to make small changes.","[""CSS"",""HTML"",""PHP"",""Website Design"",""WordPress""]"
"Fix all Google Search Console errors for Wordpress Site","6 days left","VERIFIED","$114 (Avg Bid)","41 bids","Hi Looking for an SEO and Wordpress expert to fix all of the current issues and errors that we are having on Google Web Master Tools - Search Console Please send a few examples of similar projects you did and respond with: ""I am an SEO and Wordpress expert!"" for me to read your offer thank you","[""Google Webmaster Tools"",""Internet Marketing"",""Link Building"",""SEO"",""WordPress""]"
"develop software and wordpress plugins","6 days left","VERIFIED","$60495 (Avg Bid)","41 bids","Need software like that: [login to view URL] Goal is to work on different products in software and wordpress plugins, together on a long term basis. Only write when you can make it work, need no beginner!!!!!!!!!!! No new Freelancer must show Reference and projects successful done. Thank You!","[""HTML"",""JavaScript"",""PHP"",""Software Architecture"",""WordPress""]"
"Wordpress make category and subcategory about my sample","6 days left","VERIFIED","$22 (Avg Bid)","17 bids","you have to copy the categories and sub-categories from the site [login to view URL] the homepage must be presented","[""CSS"",""HTML"",""PHP"",""Website Design"",""WordPress""]"
"Customizations off the LC wel Private Content pluging","6 days left","VERIFIED","$18 / hr (Avg Bid)","32 bids","I have the LC wel Private Content pluging [login to view URL] and need someone who can help with the custozation of it","[""CSS"",""HTML"",""PHP"",""Website Design"",""WordPress""]"